RowId,ProductCode,SKU,Barcode,Title,Brand,Variant,Size,Dept,SubDept,Currency,SellPrice,WasPrice,OnPromo,PromoType,PriceType,PromoLabel,PromoStart,PromoEnd,PriceScope,AvailScope,BranchCode,StoreRef,MallCode,Stock,StockQty,StockSeen,ProductUrl,ObservedAt,Updated,InternalNotes
R1,EX1001,SKU-1001,6001111000011,Example Gentle Shampoo 400ml,ExampleBrand,Aloe,400ml,Hair,Shampoo,ZAR,79.99,,N,none,standard,,,,online_national,online,,,,in_stock,120,2026-07-30T06:00:00Z,https://example.test/p/EX1001,2026-07-30T06:15:00Z,2026-07-29T00:00:00Z,restock weekly
R2,EX1002,SKU-1002,6001111000028,Example Repair Shampoo 400ml,ExampleBrand,Argan,400ml,Hair,Shampoo,ZAR,59.99,89.99,Y,discount,promotional,Save R30,2026-07-25T00:00:00Z,2026-08-05T00:00:00Z,online_national,online,,,,in_stock,60,2026-07-30T06:00:00Z,https://example.test/p/EX1002,2026-07-30T06:15:00Z,,promo endcap
R3,0012345,,,Example Kids Shampoo 250ml,ExampleKids,Berry,250ml,Hair,Shampoo,ZAR,45.00,,N,none,standard,,,,online_national,online,,,,unknown,,,https://example.test/p/0012345,2026-07-30T06:00:00Z,,leading zero code
R4,EX1004,SKU-1004,6001111000042,Example Salon Shampoo 1L,ExampleSalon,Keratin,1L,Hair,Shampoo,ZAR,199.99,,N,none,standard,,,,branch_specific,branch_confirmed,BR-REDS-01,STORE-REDS,MALL-REDS,in_stock,15,2026-07-30T06:00:00Z,https://example.test/p/EX1004,2026-07-30T06:00:00Z,,mapped branch only with mapping fixture
R5,EX1005,SKU-1005,6001111000059,Example Volumize Shampoo 400ml,ExampleBrand,Volume,400ml,Hair,Shampoo,ZAR,72.50,,N,none,standard,,,,online_national,online,,,,out_of_stock,0,2026-07-30T06:00:00Z,https://example.test/p/EX1005,2026-07-30T06:00:00Z,,confirmed oos
R6,EX1006,,,Example Basic Shampoo 200ml,ExampleBrand,,200ml,Hair,Shampoo,ZAR,29.99,,,,,,,,online_national,unknown,,,,unknown,,,https://example.test/p/EX1006,2026-07-30T06:00:00Z,,minimal optional fields
R7,EX1001,SKU-1001,6001111000011,Example Gentle Shampoo 400ml,ExampleBrand,Aloe,400ml,Hair,Shampoo,ZAR,79.99,,N,none,standard,,,,online_national,online,,,,in_stock,120,2026-07-30T06:00:00Z,https://example.test/p/EX1001,2026-07-30T06:15:00Z,,duplicate of R1
R8,EX1008,SKU-1008,6001111000073,Example Broken Price Shampoo 400ml,ExampleBrand,Mint,400ml,Hair,Shampoo,ZAR,R--,,N,none,standard,,,,online_national,online,,,,in_stock,10,2026-07-30T06:00:00Z,https://example.test/p/EX1008,2026-07-30T06:00:00Z,,malformed price
R9,EX1009,SKU-1009,6001111000080,Example Bad Date Shampoo 400ml,ExampleBrand,Rose,400ml,Hair,Shampoo,ZAR,64.99,,N,none,standard,,,,online_national,online,,,,in_stock,10,2026-07-30T06:00:00Z,https://example.test/p/EX1009,not-a-date,,invalid timestamp
R10,,,,Example No-Identity Shampoo 400ml,ExampleBrand,Citrus,400ml,Hair,Shampoo,ZAR,55.00,,N,none,standard,,,,online_national,online,,,,in_stock,5,2026-07-30T06:00:00Z,https://example.test/p/none,2026-07-30T06:00:00Z,,no product identity
R11,EX1011,SKU-1011,6001111000097,Example Foreign Currency Shampoo 400ml,ExampleBrand,Coconut,400ml,Hair,Shampoo,USD,4.99,,N,none,standard,,,,online_national,online,,,,in_stock,10,2026-07-30T06:00:00Z,https://example.test/p/EX1011,2026-07-30T06:00:00Z,,unknown currency
R12,EX1012,SKU-1012,6001111000103,Example Bad Discount Shampoo 400ml,ExampleBrand,Herbal,400ml,Hair,Shampoo,ZAR,99.99,79.99,Y,discount,promotional,Was cheaper,,,online_national,online,,,,in_stock,10,2026-07-30T06:00:00Z,https://example.test/p/EX1012,2026-07-30T06:00:00Z,,original below current
R13,EX1013,SKU-1013,6001111000110,Example Conflict Shampoo 400ml,ExampleBrand,Lavender,400ml,Hair,Shampoo,ZAR,49.99,69.99,N,discount,promotional,Conflicted,,,online_national,online,,,,in_stock,10,2026-07-30T06:00:00Z,https://example.test/p/EX1013,2026-07-30T06:00:00Z,,promo flag conflict
R14,EX1014,SKU-1014,6001111000127,Example Unknown Branch Shampoo 400ml,ExampleBrand,Ocean,400ml,Hair,Shampoo,ZAR,74.99,,N,none,standard,,,,online_national,online,BR-UNKNOWN-99,,,in_stock,10,2026-07-30T06:00:00Z,https://example.test/p/EX1014,2026-07-30T06:00:00Z,,unknown branch on online row
R15,EX1015,SKU-1015,6001111000134,Example Unmapped Branch Claim 400ml,ExampleBrand,Fresh,400ml,Hair,Shampoo,ZAR,84.99,,N,none,standard,,,,branch_specific,branch_confirmed,BR-NOPE-00,STORE-NOPE,MALL-NOPE,in_stock,3,2026-07-30T06:00:00Z,https://example.test/p/EX1015,2026-07-30T06:00:00Z,,unmapped branch claim
R16,EX1016,SKU-1016,6001111000141,Example Multibuy Shampoo 400ml,ExampleBrand,Twin,400ml,Hair,Shampoo,ZAR,120.00,,Y,multibuy,promotional,3 for R120,2026-07-20T00:00:00Z,2026-08-10T00:00:00Z,online_national,online,,,,in_stock,40,2026-07-30T06:00:00Z,https://example.test/p/EX1016,2026-07-30T06:00:00Z,,multibuy promo
R17,EX1017,SKU-1017,6001111000158,Example Premium Shampoo 5L,ExamplePro,Salon,5L,Hair,Shampoo,ZAR,1 299.00,,N,none,standard,,,,online_national,online,,,,in_stock,8,2026-07-30T06:00:00Z,https://example.test/p/EX1017,2026-07-30T06:00:00Z,,thousands separator price
